{
    "algo": "glm",
    "model_id": "GLM_grid_0_AutoML_20181003_003247_model_0",
    "coef": {
        "Intercept": -1.643191526405633,
        "addr_state.AK": 0.031111965796962005,
        "addr_state.AL": -0.013296057771368757,
        "addr_state.AR": 0.13150827846679108,
        "addr_state.AZ": 0.06252148904002464,
        "addr_state.CA": 0.1517902825591284,
        "addr_state.CO": 0.03668192794759818,
        "addr_state.CT": -0.10173028414432689,
        "addr_state.DC": 0.1291408602740501,
        "addr_state.DE": 0.13527748755041608,
        "addr_state.FL": 0.03948988937950739,
        "addr_state.GA": 0.13294014640982532,
        "addr_state.HI": 0.020993943093315547,
        "addr_state.IA": -0.21073258759220903,
        "addr_state.ID": -0.20360371996444435,
        "addr_state.IL": -0.04386217401577293,
        "addr_state.IN": 0.05001305521098949,
        "addr_state.KS": 0.06762418787443246,
        "addr_state.KY": 0.03342361221740867,
        "addr_state.LA": 0.007074231672246331,
        "addr_state.MA": -0.04170193279874198,
        "addr_state.MD": 0.056561327567320865,
        "addr_state.ME": -0.09490831917704058,
        "addr_state.MI": -0.03782350685439326,
        "addr_state.MN": -0.10049060593988673,
        "addr_state.MO": -0.09260095169139373,
        "addr_state.MS": -0.05756490612823781,
        "addr_state.MT": 0.09345061843941009,
        "addr_state.NC": 0.013500820839838324,
        "addr_state.NE": -0.2618881806924381,
        "addr_state.NH": -0.04341033420246094,
        "addr_state.NJ": 0.024327826662637483,
        "addr_state.NM": 0.1553089548005981,
        "addr_state.NV": 0.1450759692359208,
        "addr_state.NY": 0.023985582627048162,
        "addr_state.OH": -0.07538203333198226,
        "addr_state.OK": -0.010110256646120187,
        "addr_state.OR": -0.08237459543856436,
        "addr_state.PA": -0.07921041673893471,
        "addr_state.RI": -0.08698877130194556,
        "addr_state.SC": -0.05955024252094844,
        "addr_state.SD": -0.1406715069541161,
        "addr_state.TN": 0.08181276247346951,
        "addr_state.TX": 0.0018011003303336857,
        "addr_state.UT": -0.028089973479144367,
        "addr_state.VA": 0.04115954711418933,
        "addr_state.VT": -0.10385336084792542,
        "addr_state.WA": 0.06528020744243786,
        "addr_state.WI": -0.24348945558846372,
        "addr_state.WV": -0.1099163888620759,
        "addr_state.WY": 0.04925490146178093,
        "purpose.car": -0.10565312740728197,
        "purpose.credit_card": -0.15815597346399116,
        "purpose.debt_consolidation": -0.10269559036207349,
        "purpose.educational": -0.7874803244579668,
        "purpose.home_improvement": 0.006861588770377743,
        "purpose.house": 0.1833374010350908,
        "purpose.major_purchase": 0.014007705710945832,
        "purpose.medical": -0.04924208962176142,
        "purpose.moving": 0.20420876766746873,
        "purpose.other": -0.13430677620092746,
        "purpose.renewable_energy": 0.25117356724527296,
        "purpose.small_business": 0.5298852670226017,
        "purpose.vacation": 0.10829701510497984,
        "purpose.wedding": -0.028302602850447865,
        "home_ownership.ANY": 0.0634331704336403,
        "home_ownership.MORTGAGE": 0.07178403037971456,
        "home_ownership.NONE": -0.2510828495861033,
        "home_ownership.OTHER": -0.405867129239247,
        "home_ownership.OWN": 0.05632776120023219,
        "home_ownership.RENT": 0.021729233713384873,
        "term.36 months": -0.5829889933321583,
        "term.60 months": 0.5948873384878457,
        "loan_amnt": 9.011176667966683e-05,
        "int_rate": 0.07050050556905423,
        "emp_length": -0.0013426936568856286,
        "annual_inc": 2.443624633732205e-06,
        "dti": 0.026474445834530392,
        "delinq_2yrs": -0.00546629927779754,
        "revol_util": -0.00323069655638037,
        "total_acc": -0.0013638975941173337,
        "bad_loan": -0.012581372919805005,
        "longest_credit_length": 0.019191368128563768
    },
    "coef_norm": {
        "Intercept": 1.1629818068383793,
        "addr_state.AK": 0.031111965796962005,
        "addr_state.AL": -0.013296057771368757,
        "addr_state.AR": 0.13150827846679108,
        "addr_state.AZ": 0.06252148904002464,
        "addr_state.CA": 0.1517902825591284,
        "addr_state.CO": 0.03668192794759818,
        "addr_state.CT": -0.10173028414432689,
        "addr_state.DC": 0.1291408602740501,
        "addr_state.DE": 0.13527748755041608,
        "addr_state.FL": 0.03948988937950739,
        "addr_state.GA": 0.13294014640982532,
        "addr_state.HI": 0.020993943093315547,
        "addr_state.IA": -0.21073258759220903,
        "addr_state.ID": -0.20360371996444435,
        "addr_state.IL": -0.04386217401577293,
        "addr_state.IN": 0.05001305521098949,
        "addr_state.KS": 0.06762418787443246,
        "addr_state.KY": 0.03342361221740867,
        "addr_state.LA": 0.007074231672246331,
        "addr_state.MA": -0.04170193279874198,
        "addr_state.MD": 0.056561327567320865,
        "addr_state.ME": -0.09490831917704058,
        "addr_state.MI": -0.03782350685439326,
        "addr_state.MN": -0.10049060593988673,
        "addr_state.MO": -0.09260095169139373,
        "addr_state.MS": -0.05756490612823781,
        "addr_state.MT": 0.09345061843941009,
        "addr_state.NC": 0.013500820839838324,
        "addr_state.NE": -0.2618881806924381,
        "addr_state.NH": -0.04341033420246094,
        "addr_state.NJ": 0.024327826662637483,
        "addr_state.NM": 0.1553089548005981,
        "addr_state.NV": 0.1450759692359208,
        "addr_state.NY": 0.023985582627048162,
        "addr_state.OH": -0.07538203333198226,
        "addr_state.OK": -0.010110256646120187,
        "addr_state.OR": -0.08237459543856436,
        "addr_state.PA": -0.07921041673893471,
        "addr_state.RI": -0.08698877130194556,
        "addr_state.SC": -0.05955024252094844,
        "addr_state.SD": -0.1406715069541161,
        "addr_state.TN": 0.08181276247346951,
        "addr_state.TX": 0.0018011003303336857,
        "addr_state.UT": -0.028089973479144367,
        "addr_state.VA": 0.04115954711418933,
        "addr_state.VT": -0.10385336084792542,
        "addr_state.WA": 0.06528020744243786,
        "addr_state.WI": -0.24348945558846372,
        "addr_state.WV": -0.1099163888620759,
        "addr_state.WY": 0.04925490146178093,
        "purpose.car": -0.10565312740728197,
        "purpose.credit_card": -0.15815597346399116,
        "purpose.debt_consolidation": -0.10269559036207349,
        "purpose.educational": -0.7874803244579668,
        "purpose.home_improvement": 0.006861588770377743,
        "purpose.house": 0.1833374010350908,
        "purpose.major_purchase": 0.014007705710945832,
        "purpose.medical": -0.04924208962176142,
        "purpose.moving": 0.20420876766746873,
        "purpose.other": -0.13430677620092746,
        "purpose.renewable_energy": 0.25117356724527296,
        "purpose.small_business": 0.5298852670226017,
        "purpose.vacation": 0.10829701510497984,
        "purpose.wedding": -0.028302602850447865,
        "home_ownership.ANY": 0.0634331704336403,
        "home_ownership.MORTGAGE": 0.07178403037971456,
        "home_ownership.NONE": -0.2510828495861033,
        "home_ownership.OTHER": -0.405867129239247,
        "home_ownership.OWN": 0.05632776120023219,
        "home_ownership.RENT": 0.021729233713384873,
        "term.36 months": -0.5829889933321583,
        "term.60 months": 0.5948873384878457,
        "loan_amnt": 0.7205123795487798,
        "int_rate": 0.3098125138704035,
        "emp_length": -0.004754335114315592,
        "annual_inc": 0.14656013888704492,
        "dti": 0.2008573789462785,
        "delinq_2yrs": -0.0038545173562062876,
        "revol_util": -0.08154721244476619,
        "total_acc": -0.015938912789095188,
        "bad_loan": -0.00486910182656035,