{
    "mse": 0.1778209636814897,
    "rmse": 0.42168823042799014,
    "null_degrees_of_freedom": 16353,
    "residual_degrees_of_freedom": 16349,
    "residual_deviance": 17060.315939569075,
    "null_deviance": 21397.86555835818,
    "aic": 17070.315939569075,
    "logloss": 0.521594592747006,
    "auc": 0.7861151991995339,
    "gini": 0.5722303983990678
}
