,model_id,auc,logloss,mean_per_class_error,rmse,mse
1,StackedEnsemble_BestOfFamily_0_AutoML_20181003_003247,0.7849958140882988,0.5232498336903326,0.3919556066506409,0.4221854142862687,0.1782405240360683
2,GBM_grid_0_AutoML_20181003_003247_model_1,0.784543893887945,0.518153560686995,0.4174972115511775,0.4211582881733916,0.17737430369714155
7,XRT_0_AutoML_20181003_003247,0.7757413070832687,0.5281928611532403,0.4179967956633968,0.42482028936838856,0.1804722782590414
8,DRF_0_AutoML_20181003_003247,0.7741019184715839,0.537229452747066,0.4157568111419975,0.4254338322310296,0.18099394560677973
9,DeepLearning_0_AutoML_20181003_003247,0.7521954847756458,0.5483478092179922,0.4688786693506282,0.43428151338426463,0.1886004328673272
10,GLM_grid_0_AutoML_20181003_003247_model_0,0.7483440933041994,0.5511383731051274,0.46274539842412005,0.4362037131428187,0.1902736793595825
